semantic_role,ue5_bone,ue5_parent,mixamo_bone,mixamo_parent,confidence
root,root,Armature,Hips,Armature,High
pelvis,pelvis,root,Hips,Armature,High
spine_start,spine_01,pelvis,Spine,Hips,High
spine_end,spine_03,spine_02,Spine2,Spine1,High
neck,neck_01,spine_03,Neck,Spine2,High
head,head,neck_01,Head,Neck,High
left_clavicle,clavicle_l,spine_03,LeftShoulder,Spine2,High
left_upper_arm,upperarm_l,clavicle_l,LeftArm,LeftShoulder,High
left_lower_arm,lowerarm_l,upperarm_l,LeftForeArm,LeftArm,High
left_hand,hand_l,lowerarm_l,LeftHand,LeftForeArm,High
left_thigh,thigh_l,pelvis,LeftUpLeg,Hips,High
left_calf,calf_l,thigh_l,LeftLeg,LeftUpLeg,High
left_foot,foot_l,calf_l,LeftFoot,LeftLeg,High
left_toe,ball_l,foot_l,LeftToeBase,LeftFoot,High
right_clavicle,clavicle_r,spine_03,RightShoulder,Spine2,High
right_upper_arm,upperarm_r,clavicle_r,RightArm,RightShoulder,High
right_lower_arm,lowerarm_r,upperarm_r,RightForeArm,RightArm,High
right_hand,hand_r,lowerarm_r,RightHand,RightForeArm,High
right_thigh,thigh_r,pelvis,RightUpLeg,Hips,High
right_calf,calf_r,thigh_r,RightLeg,RightUpLeg,High
right_foot,foot_r,calf_r,RightFoot,RightLeg,High
right_toe,ball_r,foot_r,RightToeBase,RightFoot,High
left_thumb,thumb_01_l,hand_l,LeftHandThumb1,LeftHand,High
left_index,index_01_l,hand_l,LeftHandIndex1,LeftHand,High
left_middle,middle_01_l,hand_l,LeftHandMiddle1,LeftHand,High
left_ring,ring_01_l,hand_l,LeftHandRing1,LeftHand,High
left_pinky,pinky_01_l,hand_l,LeftHandPinky1,LeftHand,High
right_thumb,thumb_01_r,hand_r,RightHandThumb1,RightHand,High
right_index,index_01_r,hand_r,RightHandIndex1,RightHand,High
right_middle,middle_01_r,hand_r,RightHandMiddle1,RightHand,High
right_ring,ring_01_r,hand_r,RightHandRing1,RightHand,High
right_pinky,pinky_01_r,hand_r,RightHandPinky1,RightHand,High
