variant,target_chain,source_chain,mapped
UE5,Spine,Spine,True
UE5,Neck,Neck,True
UE5,Head,Head,True
UE5,LeftLeg,LeftLeg,True
UE5,LeftFoot,,False
UE5,LeftClavicle,LeftClavicle,True
UE5,LeftArm,LeftArm,True
UE5,LeftThumb,LeftThumb,True
UE5,LeftIndex,LeftIndex,True
UE5,LeftMiddle,LeftMiddle,True
UE5,LeftRing,LeftRing,True
UE5,LeftPinky,LeftPinky,True
UE5,RightLeg,RightLeg,True
UE5,RightFoot,,False
UE5,RightClavicle,RightClavicle,True
UE5,RightArm,RightArm,True
UE5,RightThumb,RightThumb,True
UE5,RightIndex,RightIndex,True
UE5,RightMiddle,RightMiddle,True
UE5,RightRing,RightRing,True
UE5,RightPinky,RightPinky,True
UE5,Root,Root,True
Mixamo,Spine,Spine,True
Mixamo,Neck,Neck,True
Mixamo,Head,Head,True
Mixamo,LeftLeg,LeftLeg,True
Mixamo,LeftFoot,,False
Mixamo,LeftClavicle,LeftClavicle,True
Mixamo,LeftArm,LeftArm,True
Mixamo,LeftThumb,LeftThumb,True
Mixamo,LeftIndex,LeftIndex,True
Mixamo,LeftMiddle,LeftMiddle,True
Mixamo,LeftRing,LeftRing,True
Mixamo,LeftPinky,LeftPinky,True
Mixamo,RightLeg,RightLeg,True
Mixamo,RightFoot,,False
Mixamo,RightClavicle,RightClavicle,True
Mixamo,RightArm,RightArm,True
Mixamo,RightThumb,RightThumb,True
Mixamo,RightIndex,RightIndex,True
Mixamo,RightMiddle,RightMiddle,True
Mixamo,RightRing,RightRing,True
Mixamo,RightPinky,RightPinky,True
Mixamo,Root,Root,True
