package,object_path,asset_class,note
/Game/Characters/Echo/Meshes/Echo,/Game/Characters/Echo/Meshes/Echo.Echo,/Script/Engine.SkeletalMesh,Broad dependency closure; presence does not establish runtime execution
/Game/Characters/Echo/Meshes/Echo_Hair,/Game/Characters/Echo/Meshes/Echo_Hair.Echo_Hair,/Script/Engine.SkeletalMesh,Broad dependency closure; presence does not establish runtime execution
/Game/Characters/Echo/Meshes/Echo_Skeleton,/Game/Characters/Echo/Meshes/Echo_Skeleton.Echo_Skeleton,/Script/Engine.Skeleton,Broad dependency closure; presence does not establish runtime execution
/Game/Characters/Echo/Rig/Echo_Hair_AnimBP,/Game/Characters/Echo/Rig/Echo_Hair_AnimBP.Echo_Hair_AnimBP,/Script/Engine.AnimBlueprint,Broad dependency closure; presence does not establish runtime execution
/Game/Characters/Echo/Rig/Echo_Helpers_CtrlRig,/Game/Characters/Echo/Rig/Echo_Helpers_CtrlRig.Echo_Helpers_CtrlRig,/Script/ControlRigDeveloper.ControlRigBlueprint,Broad dependency closure; presence does not establish runtime execution
/Game/Characters/Echo/Rig/Echo_PostProcess_AnimBP,/Game/Characters/Echo/Rig/Echo_PostProcess_AnimBP.Echo_PostProcess_AnimBP,/Script/Engine.AnimBlueprint,Broad dependency closure; presence does not establish runtime execution
/Game/Characters/Echo/Rig/Echo_Twist_CtrlRig,/Game/Characters/Echo/Rig/Echo_Twist_CtrlRig.Echo_Twist_CtrlRig,/Script/ControlRigDeveloper.ControlRigBlueprint,Broad dependency closure; presence does not establish runtime execution
/Game/Characters/Echo/Rig/PoseAssets/calf_l_AnimSeq,/Game/Characters/Echo/Rig/PoseAssets/calf_l_AnimSeq.calf_l_AnimSeq,/Script/Engine.AnimSequence,Broad dependency closure; presence does not establish runtime execution
/Game/Characters/Echo/Rig/PoseAssets/calf_r_AnimSeq,/Game/Characters/Echo/Rig/PoseAssets/calf_r_AnimSeq.calf_r_AnimSeq,/Script/Engine.AnimSequence,Broad dependency closure; presence does not establish runtime execution
/Game/Characters/Echo/Rig/PoseAssets/hand_l_AnimSeq,/Game/Characters/Echo/Rig/PoseAssets/hand_l_AnimSeq.hand_l_AnimSeq,/Script/Engine.AnimSequence,Broad dependency closure; presence does not establish runtime execution
/Game/Characters/Echo/Rig/PoseAssets/hand_r_AnimSeq,/Game/Characters/Echo/Rig/PoseAssets/hand_r_AnimSeq.hand_r_AnimSeq,/Script/Engine.AnimSequence,Broad dependency closure; presence does not establish runtime execution
/Game/Characters/Echo/Rig/PoseAssets/lowerarm_l_AnimSeq,/Game/Characters/Echo/Rig/PoseAssets/lowerarm_l_AnimSeq.lowerarm_l_AnimSeq,/Script/Engine.AnimSequence,Broad dependency closure; presence does not establish runtime execution
/Game/Characters/Echo/Rig/PoseAssets/lowerarm_r_AnimSeq,/Game/Characters/Echo/Rig/PoseAssets/lowerarm_r_AnimSeq.lowerarm_r_AnimSeq,/Script/Engine.AnimSequence,Broad dependency closure; presence does not establish runtime execution
/Game/Characters/Echo/Rig/PoseAssets/neck_02_AnimSeq,/Game/Characters/Echo/Rig/PoseAssets/neck_02_AnimSeq.neck_02_AnimSeq,/Script/Engine.AnimSequence,Broad dependency closure; presence does not establish runtime execution
/Game/Characters/Echo/Rig/PoseAssets/upperarm_l_AnimSeq,/Game/Characters/Echo/Rig/PoseAssets/upperarm_l_AnimSeq.upperarm_l_AnimSeq,/Script/Engine.AnimSequence,Broad dependency closure; presence does not establish runtime execution
/Game/Characters/Echo/Rig/PoseAssets/upperarm_r_AnimSeq,/Game/Characters/Echo/Rig/PoseAssets/upperarm_r_AnimSeq.upperarm_r_AnimSeq,/Script/Engine.AnimSequence,Broad dependency closure; presence does not establish runtime execution
/Game/Characters/Mannequin_UE4/Animations/Jog_Fwd,/Game/Characters/Mannequin_UE4/Animations/Jog_Fwd.Jog_Fwd,/Script/Engine.AnimSequence,Broad dependency closure; presence does not establish runtime execution
/Game/Characters/Mannequin_UE4/Meshes/SK_Mannequin,/Game/Characters/Mannequin_UE4/Meshes/SK_Mannequin.SK_Mannequin,/Script/Engine.SkeletalMesh,Broad dependency closure; presence does not establish runtime execution
/Game/Characters/Mannequin_UE4/Meshes/SK_Mannequin_Skeleton,/Game/Characters/Mannequin_UE4/Meshes/SK_Mannequin_Skeleton.SK_Mannequin_Skeleton,/Script/Engine.Skeleton,Broad dependency closure; presence does not establish runtime execution
/Game/Characters/Mannequin_UE4/Rigs/IK_UE4_Mannequin,/Game/Characters/Mannequin_UE4/Rigs/IK_UE4_Mannequin.IK_UE4_Mannequin,/Script/IKRig.IKRigDefinition,Broad dependency closure; presence does not establish runtime execution
/Game/Characters/Mannequin_UE4/Rigs/RTG_UE4Manny_UE5Manny,/Game/Characters/Mannequin_UE4/Rigs/RTG_UE4Manny_UE5Manny.RTG_UE4Manny_UE5Manny,/Script/IKRig.IKRetargeter,Broad dependency closure; presence does not establish runtime execution
/Game/Characters/Mannequins/Animations/Manny/MM_Death_Front_01,/Game/Characters/Mannequins/Animations/Manny/MM_Death_Front_01.MM_Death_Front_01,/Script/Engine.AnimSequence,Broad dependency closure; presence does not establish runtime execution
/Game/Characters/Mannequins/Animations/Manny/MM_Run_Fwd,/Game/Characters/Mannequins/Animations/Manny/MM_Run_Fwd.MM_Run_Fwd,/Script/Engine.AnimSequence,Broad dependency closure; presence does not establish runtime execution
/Game/Characters/Mannequins/Animations/Quinn/MF_Run_Fwd,/Game/Characters/Mannequins/Animations/Quinn/MF_Run_Fwd.MF_Run_Fwd,/Script/Engine.AnimSequence,Broad dependency closure; presence does not establish runtime execution
/Game/Characters/Mannequins/Animations/Quinn/MF_Walk_Fwd,/Game/Characters/Mannequins/Animations/Quinn/MF_Walk_Fwd.MF_Walk_Fwd,/Script/Engine.AnimSequence,Broad dependency closure; presence does not establish runtime execution
/Game/Characters/Mannequins/Meshes/SKM_Manny,/Game/Characters/Mannequins/Meshes/SKM_Manny.SKM_Manny,/Script/Engine.SkeletalMesh,Broad dependency closure; presence does not establish runtime execution
/Game/Characters/Mannequins/Meshes/SKM_Manny_Simple,/Game/Characters/Mannequins/Meshes/SKM_Manny_Simple.SKM_Manny_Simple,/Script/Engine.SkeletalMesh,Broad dependency closure; presence does not establish runtime execution
/Game/Characters/Mannequins/Meshes/SKM_Quinn,/Game/Characters/Mannequins/Meshes/SKM_Quinn.SKM_Quinn,/Script/Engine.SkeletalMesh,Broad dependency closure; presence does not establish runtime execution
/Game/Characters/Mannequins/Meshes/SKM_Quinn_Simple,/Game/Characters/Mannequins/Meshes/SKM_Quinn_Simple.SKM_Quinn_Simple,/Script/Engine.SkeletalMesh,Broad dependency closure; presence does not establish runtime execution
/Game/Characters/Mannequins/Meshes/SK_Mannequin,/Game/Characters/Mannequins/Meshes/SK_Mannequin.SK_Mannequin,/Script/Engine.Skeleton,Broad dependency closure; presence does not establish runtime execution
/Game/Characters/Mannequins/Rigs/ABP_Manny_PostProcess,/Game/Characters/Mannequins/Rigs/ABP_Manny_PostProcess.ABP_Manny_PostProcess,/Script/Engine.AnimBlueprint,Broad dependency closure; presence does not establish runtime execution
/Game/Characters/Mannequins/Rigs/ABP_Quinn_PostProcess,/Game/Characters/Mannequins/Rigs/ABP_Quinn_PostProcess.ABP_Quinn_PostProcess,/Script/Engine.AnimBlueprint,Broad dependency closure; presence does not establish runtime execution
/Game/Characters/Mannequins/Rigs/CR_Mannequin_Body,/Game/Characters/Mannequins/Rigs/CR_Mannequin_Body.CR_Mannequin_Body,/Script/ControlRigDeveloper.ControlRigBlueprint,Broad dependency closure; presence does not establish runtime execution
/Game/Characters/Mannequins/Rigs/CR_Mannequin_Procedural,/Game/Characters/Mannequins/Rigs/CR_Mannequin_Procedural.CR_Mannequin_Procedural,/Script/ControlRigDeveloper.ControlRigBlueprint,Broad dependency closure; presence does not establish runtime execution
/Game/Characters/Mannequins/Rigs/IK_Mannequin,/Game/Characters/Mannequins/Rigs/IK_Mannequin.IK_Mannequin,/Script/IKRig.IKRigDefinition,Broad dependency closure; presence does not establish runtime execution
/Game/Characters/Mannequins/Rigs/Poses/Manny/Manny_calf_l_anim,/Game/Characters/Mannequins/Rigs/Poses/Manny/Manny_calf_l_anim.Manny_calf_l_anim,/Script/Engine.AnimSequence,Broad dependency closure; presence does not establish runtime execution
/Game/Characters/Mannequins/Rigs/Poses/Manny/Manny_calf_r_anim,/Game/Characters/Mannequins/Rigs/Poses/Manny/Manny_calf_r_anim.Manny_calf_r_anim,/Script/Engine.AnimSequence,Broad dependency closure; presence does not establish runtime execution
/Game/Characters/Mannequins/Rigs/Poses/Manny/Manny_clavicle_l_anim,/Game/Characters/Mannequins/Rigs/Poses/Manny/Manny_clavicle_l_anim.Manny_clavicle_l_anim,/Script/Engine.AnimSequence,Broad dependency closure; presence does not establish runtime execution
/Game/Characters/Mannequins/Rigs/Poses/Manny/Manny_clavicle_r_anim,/Game/Characters/Mannequins/Rigs/Poses/Manny/Manny_clavicle_r_anim.Manny_clavicle_r_anim,/Script/Engine.AnimSequence,Broad dependency closure; presence does not establish runtime execution
/Game/Characters/Mannequins/Rigs/Poses/Manny/Manny_foot_l_anim,/Game/Characters/Mannequins/Rigs/Poses/Manny/Manny_foot_l_anim.Manny_foot_l_anim,/Script/Engine.AnimSequence,Broad dependency closure; presence does not establish runtime execution
/Game/Characters/Mannequins/Rigs/Poses/Manny/Manny_foot_r_anim,/Game/Characters/Mannequins/Rigs/Poses/Manny/Manny_foot_r_anim.Manny_foot_r_anim,/Script/Engine.AnimSequence,Broad dependency closure; presence does not establish runtime execution
/Game/Characters/Mannequins/Rigs/Poses/Manny/Manny_hand_l_anim,/Game/Characters/Mannequins/Rigs/Poses/Manny/Manny_hand_l_anim.Manny_hand_l_anim,/Script/Engine.AnimSequence,Broad dependency closure; presence does not establish runtime execution
/Game/Characters/Mannequins/Rigs/Poses/Manny/Manny_hand_r_anim,/Game/Characters/Mannequins/Rigs/Poses/Manny/Manny_hand_r_anim.Manny_hand_r_anim,/Script/Engine.AnimSequence,Broad dependency closure; presence does not establish runtime execution
/Game/Characters/Mannequins/Rigs/Poses/Manny/Manny_lowerarm_l_anim,/Game/Characters/Mannequins/Rigs/Poses/Manny/Manny_lowerarm_l_anim.Manny_lowerarm_l_anim,/Script/Engine.AnimSequence,Broad dependency closure; presence does not establish runtime execution
/Game/Characters/Mannequins/Rigs/Poses/Manny/Manny_lowerarm_r_anim,/Game/Characters/Mannequins/Rigs/Poses/Manny/Manny_lowerarm_r_anim.Manny_lowerarm_r_anim,/Script/Engine.AnimSequence,Broad dependency closure; presence does not establish runtime execution
/Game/Characters/Mannequins/Rigs/Poses/Manny/Manny_thigh_l_anim,/Game/Characters/Mannequins/Rigs/Poses/Manny/Manny_thigh_l_anim.Manny_thigh_l_anim,/Script/Engine.AnimSequence,Broad dependency closure; presence does not establish runtime execution
/Game/Characters/Mannequins/Rigs/Poses/Manny/Manny_thigh_r_anim,/Game/Characters/Mannequins/Rigs/Poses/Manny/Manny_thigh_r_anim.Manny_thigh_r_anim,/Script/Engine.AnimSequence,Broad dependency closure; presence does not establish runtime execution
/Game/Characters/Mannequins/Rigs/Poses/Manny/Manny_upperarm_l_anim,/Game/Characters/Mannequins/Rigs/Poses/Manny/Manny_upperarm_l_anim.Manny_upperarm_l_anim,/Script/Engine.AnimSequence,Broad dependency closure; presence does not establish runtime execution
/Game/Characters/Mannequins/Rigs/Poses/Manny/Manny_upperarm_r_anim,/Game/Characters/Mannequins/Rigs/Poses/Manny/Manny_upperarm_r_anim.Manny_upperarm_r_anim,/Script/Engine.AnimSequence,Broad dependency closure; presence does not establish runtime execution
/Game/Characters/Mannequins/Rigs/Poses/Quinn/Quinn_calf_l_anim,/Game/Characters/Mannequins/Rigs/Poses/Quinn/Quinn_calf_l_anim.Quinn_calf_l_anim,/Script/Engine.AnimSequence,Broad dependency closure; presence does not establish runtime execution
/Game/Characters/Mannequins/Rigs/Poses/Quinn/Quinn_calf_r_anim,/Game/Characters/Mannequins/Rigs/Poses/Quinn/Quinn_calf_r_anim.Quinn_calf_r_anim,/Script/Engine.AnimSequence,Broad dependency closure; presence does not establish runtime execution
/Game/Characters/Mannequins/Rigs/Poses/Quinn/Quinn_clavicle_l_anim,/Game/Characters/Mannequins/Rigs/Poses/Quinn/Quinn_clavicle_l_anim.Quinn_clavicle_l_anim,/Script/Engine.AnimSequence,Broad dependency closure; presence does not establish runtime execution
/Game/Characters/Mannequins/Rigs/Poses/Quinn/Quinn_clavicle_r_anim,/Game/Characters/Mannequins/Rigs/Poses/Quinn/Quinn_clavicle_r_anim.Quinn_clavicle_r_anim,/Script/Engine.AnimSequence,Broad dependency closure; presence does not establish runtime execution
/Game/Characters/Mannequins/Rigs/Poses/Quinn/Quinn_foot_l_anim,/Game/Characters/Mannequins/Rigs/Poses/Quinn/Quinn_foot_l_anim.Quinn_foot_l_anim,/Script/Engine.AnimSequence,Broad dependency closure; presence does not establish runtime execution
/Game/Characters/Mannequins/Rigs/Poses/Quinn/Quinn_foot_r_anim,/Game/Characters/Mannequins/Rigs/Poses/Quinn/Quinn_foot_r_anim.Quinn_foot_r_anim,/Script/Engine.AnimSequence,Broad dependency closure; presence does not establish runtime execution
/Game/Characters/Mannequins/Rigs/Poses/Quinn/Quinn_hand_l_anim,/Game/Characters/Mannequins/Rigs/Poses/Quinn/Quinn_hand_l_anim.Quinn_hand_l_anim,/Script/Engine.AnimSequence,Broad dependency closure; presence does not establish runtime execution
/Game/Characters/Mannequins/Rigs/Poses/Quinn/Quinn_hand_r_anim,/Game/Characters/Mannequins/Rigs/Poses/Quinn/Quinn_hand_r_anim.Quinn_hand_r_anim,/Script/Engine.AnimSequence,Broad dependency closure; presence does not establish runtime execution
/Game/Characters/Mannequins/Rigs/Poses/Quinn/Quinn_lowerarm_l_anim,/Game/Characters/Mannequins/Rigs/Poses/Quinn/Quinn_lowerarm_l_anim.Quinn_lowerarm_l_anim,/Script/Engine.AnimSequence,Broad dependency closure; presence does not establish runtime execution
/Game/Characters/Mannequins/Rigs/Poses/Quinn/Quinn_lowerarm_r_anim,/Game/Characters/Mannequins/Rigs/Poses/Quinn/Quinn_lowerarm_r_anim.Quinn_lowerarm_r_anim,/Script/Engine.AnimSequence,Broad dependency closure; presence does not establish runtime execution
/Game/Characters/Mannequins/Rigs/Poses/Quinn/Quinn_thigh_l_anim,/Game/Characters/Mannequins/Rigs/Poses/Quinn/Quinn_thigh_l_anim.Quinn_thigh_l_anim,/Script/Engine.AnimSequence,Broad dependency closure; presence does not establish runtime execution
/Game/Characters/Mannequins/Rigs/Poses/Quinn/Quinn_thigh_r_anim,/Game/Characters/Mannequins/Rigs/Poses/Quinn/Quinn_thigh_r_anim.Quinn_thigh_r_anim,/Script/Engine.AnimSequence,Broad dependency closure; presence does not establish runtime execution
/Game/Characters/Mannequins/Rigs/Poses/Quinn/Quinn_upperarm_l_anim,/Game/Characters/Mannequins/Rigs/Poses/Quinn/Quinn_upperarm_l_anim.Quinn_upperarm_l_anim,/Script/Engine.AnimSequence,Broad dependency closure; presence does not establish runtime execution
/Game/Characters/Mannequins/Rigs/Poses/Quinn/Quinn_upperarm_r_anim,/Game/Characters/Mannequins/Rigs/Poses/Quinn/Quinn_upperarm_r_anim.Quinn_upperarm_r_anim,/Script/Engine.AnimSequence,Broad dependency closure; presence does not establish runtime execution
/Game/Characters/StackOBot/Mesh/SKM_Bot,/Game/Characters/StackOBot/Mesh/SKM_Bot.SKM_Bot,/Script/Engine.SkeletalMesh,Broad dependency closure; presence does not establish runtime execution
/Game/Characters/StackOBot/Mesh/SK_Bot,/Game/Characters/StackOBot/Mesh/SK_Bot.SK_Bot,/Script/Engine.Skeleton,Broad dependency closure; presence does not establish runtime execution
/Game/ExampleContent/AnimationRetargeting/AnimBlueprints/ABP_CopyPoseFromMesh,/Game/ExampleContent/AnimationRetargeting/AnimBlueprints/ABP_CopyPoseFromMesh.ABP_CopyPoseFromMesh,/Script/Engine.AnimBlueprint,Broad dependency closure; presence does not establish runtime execution
/Game/ExampleContent/AnimationRetargeting/AnimBlueprints/ABP_CurveRemap_Retargeting,/Game/ExampleContent/AnimationRetargeting/AnimBlueprints/ABP_CurveRemap_Retargeting.ABP_CurveRemap_Retargeting,/Script/Engine.AnimBlueprint,Broad dependency closure; presence does not establish runtime execution
/Game/ExampleContent/AnimationRetargeting/AnimBlueprints/ABP_Mannequin_Retargeting,/Game/ExampleContent/AnimationRetargeting/AnimBlueprints/ABP_Mannequin_Retargeting.ABP_Mannequin_Retargeting,/Script/Engine.AnimBlueprint,Broad dependency closure; presence does not establish runtime execution
/Game/ExampleContent/AnimationRetargeting/AnimBlueprints/ABP_NoPinBone_PostRetargetPhase,/Game/ExampleContent/AnimationRetargeting/AnimBlueprints/ABP_NoPinBone_PostRetargetPhase.ABP_NoPinBone_PostRetargetPhase,/Script/Engine.AnimBlueprint,Broad dependency closure; presence does not establish runtime execution
/Game/ExampleContent/AnimationRetargeting/AnimBlueprints/ABP_RetargetPhases,/Game/ExampleContent/AnimationRetargeting/AnimBlueprints/ABP_RetargetPhases.ABP_RetargetPhases,/Script/Engine.AnimBlueprint,Broad dependency closure; presence does not establish runtime execution
/Game/ExampleContent/AnimationRetargeting/AnimBlueprints/ABP_RootMotionGenerator_PostRetargetPhase,/Game/ExampleContent/AnimationRetargeting/AnimBlueprints/ABP_RootMotionGenerator_PostRetargetPhase.ABP_RootMotionGenerator_PostRetargetPhase,/Script/Engine.AnimBlueprint,Broad dependency closure; presence does not establish runtime execution
/Game/ExampleContent/AnimationRetargeting/AnimBlueprints/ABP_Spelunkle_Retargeting,/Game/ExampleContent/AnimationRetargeting/AnimBlueprints/ABP_Spelunkle_Retargeting.ABP_Spelunkle_Retargeting,/Script/Engine.AnimBlueprint,Broad dependency closure; presence does not establish runtime execution
/Game/ExampleContent/AnimationRetargeting/AnimBlueprints/ABP_StackOBot_Retargeting,/Game/ExampleContent/AnimationRetargeting/AnimBlueprints/ABP_StackOBot_Retargeting.ABP_StackOBot_Retargeting,/Script/Engine.AnimBlueprint,Broad dependency closure; presence does not establish runtime execution
/Game/ExampleContent/AnimationRetargeting/AnimBlueprints/ABP_Starfish_Retargeting,/Game/ExampleContent/AnimationRetargeting/AnimBlueprints/ABP_Starfish_Retargeting.ABP_Starfish_Retargeting,/Script/Engine.AnimBlueprint,Broad dependency closure; presence does not establish runtime execution
/Game/ExampleContent/AnimationRetargeting/AnimBlueprints/IK_CurveRemap,/Game/ExampleContent/AnimationRetargeting/AnimBlueprints/IK_CurveRemap.IK_CurveRemap,/Script/IKRig.IKRigDefinition,Broad dependency closure; presence does not establish runtime execution
/Game/ExampleContent/AnimationRetargeting/AnimBlueprints/IK_Spelunkle_Retargeting,/Game/ExampleContent/AnimationRetargeting/AnimBlueprints/IK_Spelunkle_Retargeting.IK_Spelunkle_Retargeting,/Script/IKRig.IKRigDefinition,Broad dependency closure; presence does not establish runtime execution
/Game/ExampleContent/AnimationRetargeting/AnimBlueprints/IK_StackOBot_Retargeting,/Game/ExampleContent/AnimationRetargeting/AnimBlueprints/IK_StackOBot_Retargeting.IK_StackOBot_Retargeting,/Script/IKRig.IKRigDefinition,Broad dependency closure; presence does not establish runtime execution
/Game/ExampleContent/AnimationRetargeting/AnimBlueprints/IK_Starfish_Retargeting,/Game/ExampleContent/AnimationRetargeting/AnimBlueprints/IK_Starfish_Retargeting.IK_Starfish_Retargeting,/Script/IKRig.IKRigDefinition,Broad dependency closure; presence does not establish runtime execution
/Game/ExampleContent/AnimationRetargeting/AnimBlueprints/RTG_CurveRemap,/Game/ExampleContent/AnimationRetargeting/AnimBlueprints/RTG_CurveRemap.RTG_CurveRemap,/Script/IKRig.IKRetargeter,Broad dependency closure; presence does not establish runtime execution
/Game/ExampleContent/AnimationRetargeting/AnimBlueprints/RTG_Mannequin_Spelunkle,/Game/ExampleContent/AnimationRetargeting/AnimBlueprints/RTG_Mannequin_Spelunkle.RTG_Mannequin_Spelunkle,/Script/IKRig.IKRetargeter,Broad dependency closure; presence does not establish runtime execution
/Game/ExampleContent/AnimationRetargeting/AnimBlueprints/RTG_Mannequin_StackOBot,/Game/ExampleContent/AnimationRetargeting/AnimBlueprints/RTG_Mannequin_StackOBot.RTG_Mannequin_StackOBot,/Script/IKRig.IKRetargeter,Broad dependency closure; presence does not establish runtime execution
/Game/ExampleContent/AnimationRetargeting/AnimBlueprints/RTG_Mannequin_Starfish,/Game/ExampleContent/AnimationRetargeting/AnimBlueprints/RTG_Mannequin_Starfish.RTG_Mannequin_Starfish,/Script/IKRig.IKRetargeter,Broad dependency closure; presence does not establish runtime execution
/Game/ExampleContent/AnimationRetargeting/AnimBlueprints/RTG_NoPinBone_PostRetargetPhase,/Game/ExampleContent/AnimationRetargeting/AnimBlueprints/RTG_NoPinBone_PostRetargetPhase.RTG_NoPinBone_PostRetargetPhase,/Script/IKRig.IKRetargeter,Broad dependency closure; presence does not establish runtime execution
/Game/ExampleContent/AnimationRetargeting/AnimBlueprints/RTG_RetargetPhases_FK,/Game/ExampleContent/AnimationRetargeting/AnimBlueprints/RTG_RetargetPhases_FK.RTG_RetargetPhases_FK,/Script/IKRig.IKRetargeter,Broad dependency closure; presence does not establish runtime execution
/Game/ExampleContent/AnimationRetargeting/AnimBlueprints/RTG_RetargetPhases_Root,/Game/ExampleContent/AnimationRetargeting/AnimBlueprints/RTG_RetargetPhases_Root.RTG_RetargetPhases_Root,/Script/IKRig.IKRetargeter,Broad dependency closure; presence does not establish runtime execution
/Game/ExampleContent/AnimationRetargeting/AnimBlueprints/RTG_RootMotionGenerator_PostRetargetPhase,/Game/ExampleContent/AnimationRetargeting/AnimBlueprints/RTG_RootMotionGenerator_PostRetargetPhase.RTG_RootMotionGenerator_PostRetargetPhase,/Script/IKRig.IKRetargeter,Broad dependency closure; presence does not establish runtime execution
/Game/ExampleContent/AnimationRetargeting/Animations/MF_Run_Fwd_Speed_Curves,/Game/ExampleContent/AnimationRetargeting/Animations/MF_Run_Fwd_Speed_Curves.MF_Run_Fwd_Speed_Curves,/Script/Engine.AnimSequence,Broad dependency closure; presence does not establish runtime execution
/Game/ExampleContent/AnimationRetargeting/Animations/M_Jog_NoWep_N,/Game/ExampleContent/AnimationRetargeting/Animations/M_Jog_NoWep_N.M_Jog_NoWep_N,/Script/Engine.AnimSequence,Broad dependency closure; presence does not establish runtime execution
/Game/ExampleContent/AnimationRetargeting/Animations/Starfish_Fixed_Pose,/Game/ExampleContent/AnimationRetargeting/Animations/Starfish_Fixed_Pose.Starfish_Fixed_Pose,/Script/Engine.AnimSequence,Broad dependency closure; presence does not establish runtime execution
/Game/ExampleContent/AnimationRetargeting/Animations/TurnWithCurve,/Game/ExampleContent/AnimationRetargeting/Animations/TurnWithCurve.TurnWithCurve,/Script/Engine.AnimSequence,Broad dependency closure; presence does not establish runtime execution
/Game/ExampleContent/AnimationRetargeting/Blueprints/BP_AdjustingStrides,/Game/ExampleContent/AnimationRetargeting/Blueprints/BP_AdjustingStrides.BP_AdjustingStrides,/Script/Engine.Blueprint,Broad dependency closure; presence does not establish runtime execution
/Game/ExampleContent/AnimationRetargeting/Blueprints/BP_CopyPoseFromMesh,/Game/ExampleContent/AnimationRetargeting/Blueprints/BP_CopyPoseFromMesh.BP_CopyPoseFromMesh,/Script/Engine.Blueprint,Broad dependency closure; presence does not establish runtime execution
/Game/ExampleContent/AnimationRetargeting/Blueprints/BP_EditingRetargetRoot,/Game/ExampleContent/AnimationRetargeting/Blueprints/BP_EditingRetargetRoot.BP_EditingRetargetRoot,/Script/Engine.Blueprint,Broad dependency closure; presence does not establish runtime execution
/Game/ExampleContent/AnimationRetargeting/Blueprints/BP_MaintainingContactPoints,/Game/ExampleContent/AnimationRetargeting/Blueprints/BP_MaintainingContactPoints.BP_MaintainingContactPoints,/Script/Engine.Blueprint,Broad dependency closure; presence does not establish runtime execution
/Game/ExampleContent/AnimationRetargeting/Blueprints/BP_MannequinRetargeting,/Game/ExampleContent/AnimationRetargeting/Blueprints/BP_MannequinRetargeting.BP_MannequinRetargeting,/Script/Engine.Blueprint,Broad dependency closure; presence does not establish runtime execution
/Game/ExampleContent/AnimationRetargeting/Blueprints/BP_PinBone_PostRetargetPhase,/Game/ExampleContent/AnimationRetargeting/Blueprints/BP_PinBone_PostRetargetPhase.BP_PinBone_PostRetargetPhase,/Script/Engine.Blueprint,Broad dependency closure; presence does not establish runtime execution
/Game/ExampleContent/AnimationRetargeting/Blueprints/BP_RemapCurve_PostRetargetPhase,/Game/ExampleContent/AnimationRetargeting/Blueprints/BP_RemapCurve_PostRetargetPhase.BP_RemapCurve_PostRetargetPhase,/Script/Engine.Blueprint,Broad dependency closure; presence does not establish runtime execution
/Game/ExampleContent/AnimationRetargeting/Blueprints/BP_RetargetPhases,/Game/ExampleContent/AnimationRetargeting/Blueprints/BP_RetargetPhases.BP_RetargetPhases,/Script/Engine.Blueprint,Broad dependency closure; presence does not establish runtime execution
/Game/ExampleContent/AnimationRetargeting/Blueprints/BP_RetargetPoses,/Game/ExampleContent/AnimationRetargeting/Blueprints/BP_RetargetPoses.BP_RetargetPoses,/Script/Engine.Blueprint,Broad dependency closure; presence does not establish runtime execution
/Game/ExampleContent/AnimationRetargeting/Blueprints/BP_RetargetingDifferentCharacters,/Game/ExampleContent/AnimationRetargeting/Blueprints/BP_RetargetingDifferentCharacters.BP_RetargetingDifferentCharacters,/Script/Engine.Blueprint,Broad dependency closure; presence does not establish runtime execution
/Game/ExampleContent/AnimationRetargeting/Blueprints/BP_RootMotionGenerator_PostRetargetPhase,/Game/ExampleContent/AnimationRetargeting/Blueprints/BP_RootMotionGenerator_PostRetargetPhase.BP_RootMotionGenerator_PostRetargetPhase,/Script/Engine.Blueprint,Broad dependency closure; presence does not establish runtime execution
/Game/ExampleContent/AnimationRetargeting/Blueprints/BP_SpeedPlanting,/Game/ExampleContent/AnimationRetargeting/Blueprints/BP_SpeedPlanting.BP_SpeedPlanting,/Script/Engine.Blueprint,Broad dependency closure; presence does not establish runtime execution
/Game/ExampleContent/AnimationRetargeting/Blueprints/BP_TranslationRetargeting,/Game/ExampleContent/AnimationRetargeting/Blueprints/BP_TranslationRetargeting.BP_TranslationRetargeting,/Script/Engine.Blueprint,Broad dependency closure; presence does not establish runtime execution
/Game/ExampleContent/AnimationRetargeting/Meshes/M_MALE_Base_Skeleton,/Game/ExampleContent/AnimationRetargeting/Meshes/M_MALE_Base_Skeleton.M_MALE_Base_Skeleton,/Script/Engine.Skeleton,Broad dependency closure; presence does not establish runtime execution
/Game/ExampleContent/AnimationRetargeting/Meshes/MidBulge,/Game/ExampleContent/AnimationRetargeting/Meshes/MidBulge.MidBulge,/Script/Engine.SkeletalMesh,Broad dependency closure; presence does not establish runtime execution
/Game/ExampleContent/AnimationRetargeting/Meshes/MidBulge_Skeleton,/Game/ExampleContent/AnimationRetargeting/Meshes/MidBulge_Skeleton.MidBulge_Skeleton,/Script/Engine.Skeleton,Broad dependency closure; presence does not establish runtime execution
/Game/ExampleContent/AnimationRetargeting/Meshes/SK_L_Male_Base,/Game/ExampleContent/AnimationRetargeting/Meshes/SK_L_Male_Base.SK_L_Male_Base,/Script/Engine.SkeletalMesh,Broad dependency closure; presence does not establish runtime execution
/Game/ExampleContent/AnimationRetargeting/Meshes/SK_M_MALE_Base,/Game/ExampleContent/AnimationRetargeting/Meshes/SK_M_MALE_Base.SK_M_MALE_Base,/Script/Engine.SkeletalMesh,Broad dependency closure; presence does not establish runtime execution
/Game/ExampleContent/AnimationRetargeting/Meshes/SK_S_MALE_Base,/Game/ExampleContent/AnimationRetargeting/Meshes/SK_S_MALE_Base.SK_S_MALE_Base,/Script/Engine.SkeletalMesh,Broad dependency closure; presence does not establish runtime execution
/Game/ExampleContent/AnimationRetargeting/Meshes/TopBulge,/Game/ExampleContent/AnimationRetargeting/Meshes/TopBulge.TopBulge,/Script/Engine.SkeletalMesh,Broad dependency closure; presence does not establish runtime execution
/Game/ExampleContent/AnimationRetargeting/Meshes/TopBulge_Skeleton,/Game/ExampleContent/AnimationRetargeting/Meshes/TopBulge_Skeleton.TopBulge_Skeleton,/Script/Engine.Skeleton,Broad dependency closure; presence does not establish runtime execution
/Game/ExampleContent/ControlRig/Animations/JumpingJacks,/Game/ExampleContent/ControlRig/Animations/JumpingJacks.JumpingJacks,/Script/Engine.AnimSequence,Broad dependency closure; presence does not establish runtime execution
/Game/ExampleContent/IKRig/Mesh/Spelunkle/SK_Spelunkle,/Game/ExampleContent/IKRig/Mesh/Spelunkle/SK_Spelunkle.SK_Spelunkle,/Script/Engine.SkeletalMesh,Broad dependency closure; presence does not establish runtime execution
/Game/ExampleContent/IKRig/Mesh/Spelunkle/SK_Spelunkle_Skeleton,/Game/ExampleContent/IKRig/Mesh/Spelunkle/SK_Spelunkle_Skeleton.SK_Spelunkle_Skeleton,/Script/Engine.Skeleton,Broad dependency closure; presence does not establish runtime execution
/Game/ExampleContent/IKRig/Mesh/Starfish/Starfish,/Game/ExampleContent/IKRig/Mesh/Starfish/Starfish.Starfish,/Script/Engine.SkeletalMesh,Broad dependency closure; presence does not establish runtime execution
/Game/ExampleContent/IKRig/Mesh/Starfish/Starfish_Skeleton,/Game/ExampleContent/IKRig/Mesh/Starfish/Starfish_Skeleton.Starfish_Skeleton,/Script/Engine.Skeleton,Broad dependency closure; presence does not establish runtime execution
/Game/Global/Blueprints/BP_Slider,/Game/Global/Blueprints/BP_Slider.BP_Slider,/Script/Engine.Blueprint,Broad dependency closure; presence does not establish runtime execution
/Game/Global/Blueprints/Interactive/BPI_PlayerInteraction,/Game/Global/Blueprints/Interactive/BPI_PlayerInteraction.BPI_PlayerInteraction,/Script/Engine.Blueprint,Broad dependency closure; presence does not establish runtime execution
/Game/Global/Interactable/BPInterface_Button,/Game/Global/Interactable/BPInterface_Button.BPInterface_Button,/Script/Engine.Blueprint,Broad dependency closure; presence does not establish runtime execution
