variant,name,parent,kind,translation,rotation
UE5,root,Armature,LimbNode,"[0.005856567993760109, -0.017569564282894135, -1.1004940958514453e-08]","[89.999995674289, -0.0, -89.99998884409983]"
UE5,pelvis,root,LimbNode,"[-5.365735078477485e-10, 0.5641775131225586, -4.2650682985367894e-10]","[-9.849206888759354e-07, 6.157937619351178, 6.157950425955872]"
UE5,spine_01,pelvis,LimbNode,"[0.0007209926261566579, 0.043118707835674286, 7.778918370604515e-05]","[0.29967895210467294, -2.7842032448638148, -2.7899632287682508]"
UE5,spine_02,spine_01,LimbNode,"[-2.1827872842550278e-09, 0.0664886012673378, -9.89530235528946e-10]","[-2.0271522251125986e-07, 8.662800961478574e-07, -1.7159406999742576e-06]"
UE5,spine_03,spine_02,LimbNode,"[5.005858838558197e-09, 0.06648869812488556, -5.529727786779404e-10]","[-0.14357037625046967, 2.446486035456415, 2.433101852890952]"
UE5,clavicle_l,spine_03,LimbNode,"[0.0013291066279634833, 0.06293889135122299, -0.027336278930306435]","[-112.0297531439788, -5.779951535588087, -5.8396934927108965]"
UE5,upperarm_l,clavicle_l,LimbNode,"[9.823715174661629e-09, 0.05075645446777344, 2.2343922267964444e-08]","[-46.19351533799628, -0.4267213244405563, -2.0446877778125443]"
UE5,lowerarm_l,upperarm_l,LimbNode,"[4.656612873077393e-10, 0.12984511256217957, -3.202876541763544e-08]","[2.0081889544352887, 8.393840598403049, -11.69501018937455]"
UE5,hand_l,lowerarm_l,LimbNode,"[1.4901161193847656e-08, 0.120546855032444, -8.568167686462402e-08]","[-6.780207980100713, -2.0722238988948622, 1.6755754971634753]"
UE5,index_01_l,hand_l,LimbNode,"[0.014662645757198334, 0.0618286095559597, -0.0010022986680269241]","[-19.07264243645841, -6.001492563298859, 6.807698637736368]"
UE5,index_02_l,index_01_l,LimbNode,"[8.381903171539307e-09, 0.017601341009140015, 4.936009645462036e-08]","[-2.2979334764334576, -1.5388438611596942, 1.4161077096520922]"
UE5,index_03_l,index_02_l,LimbNode,"[7.916241884231567e-09, 0.015478139743208885, -1.792795956134796e-08]","[9.604952502552933e-07, -8.004126025275884e-08, -5.86969280020221e-07]"
UE5,middle_01_l,hand_l,LimbNode,"[0.0015726275742053986, 0.06157433241605759, 0.002594885416328907]","[-27.57395520767796, -10.275274261891006, 16.392191045747555]"
UE5,middle_02_l,middle_01_l,LimbNode,"[1.862645149230957e-08, 0.01726827397942543, 1.4668330550193787e-08]","[-2.0572036725797695, -0.13042985267951884, 0.246590479687529]"
UE5,middle_03_l,middle_02_l,LimbNode,"[3.725290298461914e-09, 0.016836464405059814, 3.026798367500305e-08]","[-5.097295798075269e-05, 8.110844754058151e-06, -9.658316815887152e-06]"
UE5,pinky_01_l,hand_l,LimbNode,"[-0.021240582689642906, 0.051894884556531906, -0.004350039642304182]","[-23.495073810825776, -18.213990327592132, 33.762700822167304]"
UE5,pinky_02_l,pinky_01_l,LimbNode,"[6.51925802230835e-09, 0.0111243212595582, 4.889443516731262e-08]","[-13.132286896420334, 4.663174198269159, -1.4009529072660092]"
UE5,pinky_03_l,pinky_02_l,LimbNode,"[2.0489096641540527e-08, 0.010166667401790619, -1.862645149230957e-09]","[-8.228240910239341e-05, -8.537735648293941e-06, -6.40324128023707e-07]"
UE5,ring_01_l,hand_l,LimbNode,"[-0.010904677212238312, 0.05719803273677826, 0.00017916597425937653]","[-23.515741963254232, -13.112543380850765, 22.31539598077973]"
UE5,ring_02_l,ring_01_l,LimbNode,"[1.4901161193847656e-08, 0.01508902944624424, 1.0989606380462646e-07]","[-8.629531643639972, -0.5603703840141198, 1.9411916288666335]"
UE5,ring_03_l,ring_02_l,LimbNode,"[1.4901161193847656e-08, 0.014358237385749817, -4.842877388000488e-08]","[0.00010672173183655319, -8.004066866958808e-06, -6.734141588942243e-05]"
UE5,thumb_01_l,hand_l,LimbNode,"[0.013184022158384323, 0.026065006852149963, -0.009461184963583946]","[-21.02287318036132, 23.87390854559324, -49.38453873709122]"
UE5,thumb_02_l,thumb_01_l,LimbNode,"[-5.029141902923584e-08, 0.020876392722129822, 7.450580596923828e-08]","[-17.111729276693598, -22.403519081451233, 18.130115604584375]"
UE5,thumb_03_l,thumb_02_l,LimbNode,"[-2.2351741790771484e-08, 0.019545165821909904, -5.587935447692871e-09]","[-1.173964818699892e-06, 3.2763563674904913e-05, -9.114034976490962e-05]"
UE5,lowerarm_twist_01_l,lowerarm_l,LimbNode,"[9.313225746154785e-09, 0.06256328523159027, -3.4691765904426575e-08]","[6.403299802443209e-07, 4.268867976813595e-07, -2.347877120080884e-06]"
UE5,upperarm_twist_01_l,upperarm_l,LimbNode,"[5.820766091346741e-10, 0.0021398633252829313, -2.805609256029129e-08]","[-1.9576762904284594e-06, 1.89697832026526e-05, 1.0672138136487172e-07]"
UE5,clavicle_r,spine_03,LimbNode,"[-0.004204099997878075, 0.06293889135122299, 0.027043743059039116]","[113.20999617217866, -5.779928056812815, -5.839726362996277]"
UE5,upperarm_r,clavicle_r,LimbNode,"[1.1076386030595131e-08, 0.05075640231370926, 1.2503019064524779e-08]","[44.68277653133243, 3.0198227865578633, 0.5888445355294037]"
UE5,lowerarm_r,upperarm_r,LimbNode,"[-7.799826562404633e-09, 0.13130441308021545, 1.8189894035458565e-08]","[-3.593901253514493, 17.08696301076313, -12.26271075375027]"
UE5,hand_r,lowerarm_r,LimbNode,"[-4.284083843231201e-08, 0.12490949779748917, -1.0617077350616455e-07]","[8.92151881556343, -3.7473068753861565, 4.201861941066029]"
UE5,index_01_r,hand_r,LimbNode,"[0.014809641987085342, 0.06032568961381912, 0.011078950017690659]","[8.570676757335617, -9.126246905745393, 7.764980812651744]"
UE5,index_02_r,index_01_r,LimbNode,"[-1.862645149230957e-08, 0.021053940057754517, -2.1886080503463745e-08]","[8.34405193444824, -4.9706859632892355, 4.506268104447864]"
UE5,index_03_r,index_02_r,LimbNode,"[1.626178658398203e-08, 0.011548832058906555, 2.7008510983250744e-08]","[1.2806608764883901e-06, 1.1133850735708684e-06, 1.8957216551217328e-07]"
UE5,middle_01_r,hand_r,LimbNode,"[0.005270279943943024, 0.05857982486486435, 0.0004085572436451912]","[14.315276514440189, -20.542154221292066, 15.27878995631273]"
UE5,middle_02_r,middle_01_r,LimbNode,"[3.725290298461914e-09, 0.019304489716887474, 3.3993273973464966e-08]","[5.438541541717238, 0.15308605706391393, -0.5885158860364498]"
UE5,middle_03_r,middle_02_r,LimbNode,"[-9.313225746154785e-09, 0.013331509195268154, 9.080395102500916e-09]","[-1.494103982718039e-06, 2.6680439167581034e-08, 2.9348466545454794e-07]"
UE5,pinky_01_r,hand_r,LimbNode,"[-0.01832159236073494, 0.048292212188243866, -0.007528035901486874]","[16.112995110592237, -32.46057648332315, 22.765484956516058]"
UE5,pinky_02_r,pinky_01_r,LimbNode,"[-4.284083843231201e-08, 0.012574389576911926, 2.0489096641540527e-08]","[5.64336653520805, 5.25553259932227, -6.923216773395148]"
UE5,pinky_03_r,pinky_02_r,LimbNode,"[1.210719347000122e-08, 0.010262147523462772, 3.4924596548080444e-09]","[-1.8142694053956362e-06, 3.7886201481304484e-06, -2.0597285958931708e-05]"
UE5,ring_01_r,hand_r,LimbNode,"[-0.00634479895234108, 0.05441358685493469, -0.004984243772923946]","[11.652049153268816, -26.367651592699914, 19.465880332638136]"
UE5,ring_02_r,ring_01_r,LimbNode,"[0.0, 0.016165154054760933, 2.7939677238464355e-08]","[13.5937216701417, 0.5878143509034954, -2.571920111686172]"
UE5,ring_03_r,ring_02_r,LimbNode,"[3.725290298461914e-09, 0.013765938580036163, 2.7008354663848877e-08]","[-2.934847316100853e-06, -2.0277134276250334e-06, -2.262500651099923e-05]"
UE5,thumb_01_r,hand_r,LimbNode,"[0.009245596826076508, 0.024295739829540253, 0.01615126244723797]","[45.546481272637216, 33.77121806806231, -1.518169198707183]"
UE5,thumb_02_r,thumb_01_r,LimbNode,"[-5.21540641784668e-08, 0.025118835270404816, -3.166496753692627e-08]","[-17.38169762628023, -14.53835817669562, 21.049227465273812]"
UE5,thumb_03_r,thumb_02_r,LimbNode,"[-3.725290298461914e-09, 0.017595257610082626, 2.7939677238464355e-08]","[0.00010714862517345497, -5.9764647841920635e-06, 5.079953846574582e-05]"
UE5,lowerarm_twist_01_r,lowerarm_r,LimbNode,"[-6.239861249923706e-08, 0.0648275837302208, -1.1082738637924194e-07]","[-8.964625728307731e-06, -1.8569573549084174e-05, 4.909200094390662e-06]"
UE5,upperarm_twist_01_r,upperarm_r,LimbNode,"[-8.731149137020111e-09, 0.0021638968028128147, 1.3707904145121574e-08]","[-8.387659063760775e-06, -9.338149255876809e-06, 2.4012452500807197e-07]"
UE5,neck_01,spine_03,LimbNode,"[0.0005285032675601542, 0.0823604092001915, 5.3775947890244424e-05]","[-0.1331500822381822, 1.3166509772700095, 1.305306673388853]"
UE5,head,neck_01,LimbNode,"[4.889443516731262e-09, 0.03147781640291214, -6.402842700481415e-10]","[-4.6839153505264875e-07, -5.969745926038566e-07, -1.7527561547453843e-06]"
UE5,thigh_l,pelvis,LimbNode,"[0.0033674435690045357, -0.027172725647687912, -0.05854170396924019]","[-176.37600225799594, -6.121810614396865, -6.193406364824231]"
UE5,calf_l,thigh_l,LimbNode,"[-7.288143422101712e-10, 0.22675460577011108, 1.6480186104672612e-08]","[1.8021791365668913, -4.515512765489476, 4.607637503240962]"
UE5,calf_twist_01_l,calf_l,LimbNode,"[-7.712515071034431e-10, 0.12016144394874573, 7.043126970529556e-09]","[-2.6413622180908686e-06, 1.73422771894855e-06, -6.803509252456138e-07]"
UE5,foot_l,calf_l,LimbNode,"[7.421476766467094e-10, 0.2358817756175995, 6.2427716329693794e-09]","[0.3245890255336797, 45.91154805358523, -50.924128262809205]"
UE5,ball_l,foot_l,LimbNode,"[2.2351741790771484e-08, 0.09737348556518555, 5.3085386753082275e-08]","[9.604955962996427e-06, 5.1226435059535605e-06, -1.1312503255499615e-05]"
UE5,thigh_twist_01_l,thigh_l,LimbNode,"[8.029974907231008e-09, 0.11768223345279694, -4.009095277979213e-09]","[6.189796240230175e-06, 4.963980950446691e-06, 3.857683272261371e-06]"
UE5,thigh_r,pelvis,LimbNode,"[-0.00919707678258419, -0.02717272937297821, 0.057912737131118774]","[176.71792152784678, -6.121497706355513, -6.193466128979469]"
UE5,calf_r,thigh_r,LimbNode,"[-4.1085854718403425e-09, 0.22698982059955597, -1.3904042361900792e-09]","[-1.766666955359585, -6.100149950104639, 5.872932608306764]"
UE5,calf_twist_01_r,calf_r,LimbNode,"[3.259629011154175e-09, 0.12052302807569504, 4.831235855817795e-09]","[6.323262288883865e-06, -2.854806036764766e-06, -6.403304891330699e-07]"
UE5,foot_r,calf_r,LimbNode,"[3.259629011154175e-09, 0.23659154772758484, 8.032657206058502e-09]","[-14.051801967206947, 55.39362305565255, -64.79070318368822]"
UE5,ball_r,foot_r,LimbNode,"[1.1641532182693481e-08, 0.1002282202243805, 6.51925802230835e-09]","[-2.988206336992081e-06, -2.4759435741296223e-05, -4.695755054383766e-06]"
UE5,thigh_twist_01_r,thigh_r,LimbNode,"[3.346940502524376e-09, 0.11780434846878052, -2.5604919073884957e-08]","[-8.539180688785698e-07, -9.05059861490256e-06, 2.15146560428166e-06]"
Mixamo,mixamorig:Hips,Armature,LimbNode,"[0.005856572650372982, -0.017569541931152344, 0.5641774535179138]","[89.999995674289, -0.0, -89.99998884409983]"
Mixamo,mixamorig:LeftUpLeg,mixamorig:Hips,LimbNode,"[7.029622217658016e-09, -0.027330396696925163, -0.058565132319927216]","[-177.03906336224244, -5.377976196670956e-06, 3.8795813149099354e-07]"
Mixamo,mixamorig:LeftLeg,mixamorig:LeftUpLeg,LimbNode,"[2.7552486958626332e-09, 0.22675460577011108, -4.165718436865973e-09]","[1.8021131825527184, -4.515518741905001, 4.607678484375983]"
Mixamo,mixamorig:LeftFoot,mixamorig:LeftLeg,LimbNode,"[-1.9354047253727913e-09, 0.23588167130947113, 1.1641532182693481e-09]","[0.3253663330777389, 45.91152073282855, -50.92377309297237]"
Mixamo,mixamorig:LeftToeBase,mixamorig:LeftFoot,LimbNode,"[2.0023435354232788e-08, 0.09737405180931091, -1.7229467630386353e-08]","[42.97200880463558, 36.88240338594897, 0.00033628679107906183]"
Mixamo,mixamorig:LeftToe_End,mixamorig:LeftToeBase,LimbNode,"[-1.3920384844823275e-09, 0.04784299060702324, -2.5022046656886232e-08]","[8.670150332792126e-07, -0.0004174843177631623, 1.4941084405834806e-05]"
Mixamo,mixamorig:RightUpLeg,mixamorig:Hips,LimbNode,"[-9.984790771966345e-09, -0.02733040042221546, 0.05856514349579811]","[176.05481944246526, -1.8148041049820213e-05, 8.346922010511842e-07]"
Mixamo,mixamorig:RightLeg,mixamorig:RightUpLeg,LimbNode,"[-3.7005287722990943e-10, 0.22698979079723358, -9.546203827426325e-09]","[-1.766727573288469, -6.1001580609542785, 5.872924924343947]"
Mixamo,mixamorig:RightFoot,mixamorig:RightLeg,LimbNode,"[-3.725290298461914e-09, 0.23659154772758484, -2.3283064365386963e-09]","[-14.05068266995671, 55.39346937639622, -64.78985624023115]"
Mixamo,mixamorig:RightToeBase,mixamorig:RightFoot,LimbNode,"[4.1443854570388794e-08, 0.10022832453250885, 8.149072527885437e-08]","[41.4704770929729, 47.790259886688936, 0.0008258278797379771]"
Mixamo,mixamorig:RightToe_End,mixamorig:RightToeBase,LimbNode,"[1.9562790498639515e-08, 0.05043091997504234, 3.8938026136747794e-08]","[5.344554826300387e-06, -0.0008659409629148371, 2.5612672001028836e-06]"
Mixamo,mixamorig:Spine,mixamorig:Hips,LimbNode,"[-0.003904343117028475, 0.04294776916503906, 1.937852101008275e-10]","[-4.795808281997872e-07, 3.3664587289174186, 3.3664612902383575]"
Mixamo,mixamorig:Spine1,mixamorig:Spine,LimbNode,"[-2.1827872842550278e-09, 0.06648854166269302, -1.7462298274040222e-09]","[-3.88893901567155e-07, -8.433515537824993e-07, -6.530050249831394e-07]"
Mixamo,mixamorig:Spine2,mixamorig:Spine1,LimbNode,"[-1.6880221664905548e-09, 0.06648857891559601, -1.1641532182693481e-10]","[-0.1435709098589986, 2.446474296068779, 2.433096943692486]"
Mixamo,mixamorig:LeftShoulder,mixamorig:Spine2,LimbNode,"[0.0013291023205965757, 0.06293901801109314, -0.027336271479725838]","[-112.0297531439788, -5.779945986059387, -5.839685381861257]"
Mixamo,mixamorig:LeftArm,mixamorig:LeftShoulder,LimbNode,"[1.5517912288487423e-08, 0.050756439566612244, 9.139818502035268e-08]","[-46.19350850780711, -0.42670326179185286, -2.044701011304061]"
Mixamo,mixamorig:LeftForeArm,mixamorig:LeftArm,LimbNode,"[1.5133991837501526e-09, 0.12984493374824524, -2.190063241869211e-09]","[2.0081874603314076, 8.393818400288247, -11.69501701956372]"
Mixamo,mixamorig:LeftHand,mixamorig:LeftForeArm,LimbNode,"[-2.9802322387695312e-08, 0.12054683268070221, 1.019798219203949e-07]","[-6.780197734816959, -2.0722134401676957, 1.6755690938611285]"
Mixamo,mixamorig:LeftHandIndex1,mixamorig:LeftHand,LimbNode,"[0.014662623405456543, 0.06182850897312164, -0.0010021775960922241]","[-19.072647559100286, -6.001489575091097, 6.807695222641783]"
Mixamo,mixamorig:LeftHandIndex2,mixamorig:LeftHandIndex1,LimbNode,"[0.0, 0.017601285129785538, 8.381903171539307e-09]","[-2.2979146934132397, -1.5388440746031058, 1.41610877686915]"
Mixamo,mixamorig:LeftHandIndex3,mixamorig:LeftHandIndex2,LimbNode,"[9.313225746154785e-09, 0.015478230081498623, -1.0011717677116394e-08]","[-1.1742721875043088e-05, -1.3787108737196976e-05, 7.890736935437902e-06]"
Mixamo,mixamorig:LeftHandIndex4,mixamorig:LeftHandIndex3,LimbNode,"[-1.862645149230957e-09, 0.015070300549268723, -1.0244548320770264e-08]","[1.2039544469024738e-06, -1.1339182511500853e-07, -8.004129205830565e-08]"
Mixamo,mixamorig:LeftHandMiddle1,mixamorig:LeftHand,LimbNode,"[0.0015725940465927124, 0.061574339866638184, 0.0025949603877961636]","[-27.573979113340055, -10.275299021326747, 16.392201291031313]"
Mixamo,mixamorig:LeftHandMiddle2,mixamorig:LeftHandMiddle1,LimbNode,"[1.210719347000122e-08, 0.017268218100070953, -3.166496753692627e-08]","[-2.0571588494633413, -0.13042060791175553, 0.24659779012437505]"
Mixamo,mixamorig:LeftHandMiddle3,mixamorig:LeftHandMiddle2,LimbNode,"[-1.3969838619232178e-08, 0.016836542636156082, 4.889443516731262e-08]","[-4.958557254870585e-05, -3.1749729861086105e-06, -6.323259031995871e-06]"
Mixamo,mixamorig:LeftHandMiddle4,mixamorig:LeftHandMiddle3,LimbNode,"[1.3969838619232178e-08, 0.016853010281920433, -3.073364496231079e-08]","[-4.790469916887204e-05, -1.120576892927719e-06, 2.3745583607482446e-06]"
Mixamo,mixamorig:LeftHandPinky1,mixamorig:LeftHand,LimbNode,"[-0.02124062366783619, 0.05189486965537071, -0.004349937662482262]","[-23.495089178751407, -18.213945931362527, 33.762803275004856]"
Mixamo,mixamorig:LeftHandPinky2,mixamorig:LeftHandPinky1,LimbNode,"[2.2351741790771484e-08, 0.011124389246106148, 6.51925802230835e-09]","[-13.132368858690374, 4.663125960058146, -1.4010055210669594]"
Mixamo,mixamorig:LeftHandPinky3,mixamorig:LeftHandPinky2,LimbNode,"[9.313225746154785e-10, 0.010166734457015991, -2.3283064365386963e-09]","[-7.161025806557645e-05, 2.177121983719566e-05, -8.431026970064466e-06]"
Mixamo,mixamorig:LeftHandPinky4,mixamorig:LeftHandPinky3,LimbNode,"[1.210719347000122e-08, 0.010290177538990974, 7.450580596923828e-09]","[3.201651682332226e-07, -7.470520422478945e-07, -3.6285388107912724e-06]"
Mixamo,mixamorig:LeftHandRing1,mixamorig:LeftHand,LimbNode,"[-0.010904712602496147, 0.05719795823097229, 0.00017928378656506538]","[-23.515741963254232, -13.112564725191922, 22.315414763799946]"
Mixamo,mixamorig:LeftHandRing2,mixamorig:LeftHandRing1,LimbNode,"[9.313225746154785e-09, 0.015089163556694984, -1.7229467630386353e-08]","[-8.629537620055496, -0.560362966855568, 1.9411828776867595]"
Mixamo,mixamorig:LeftHandRing3,mixamorig:LeftHandRing2,LimbNode,"[-5.587935447692871e-09, 0.014358198270201683, -2.7939677238464355e-08]","[0.00013126769811118257, 1.8142761634382234e-05, -6.168513291412569e-05]"
Mixamo,mixamorig:LeftHandRing4,mixamorig:LeftHandRing3,LimbNode,"[3.725290298461914e-09, 0.01287031453102827, 1.1175870895385742e-08]","[-5.965742050427815e-05, -8.964607815423764e-06, 2.529304264175947e-05]"
Mixamo,mixamorig:LeftHandThumb1,mixamorig:LeftHand,LimbNode,"[0.013183988630771637, 0.026065047830343246, -0.009461122564971447]","[-21.022883425645073, 23.87385390407988, -49.384467020104935]"
Mixamo,mixamorig:LeftHandThumb2,mixamorig:LeftHandThumb1,LimbNode,"[-9.313225746154785e-09, 0.020876340568065643, 4.0978193283081055e-08]","[-17.111618286119583, -22.403503713525602, 18.129955095138882]"
Mixamo,mixamorig:LeftHandThumb3,mixamorig:LeftHandThumb2,LimbNode,"[-4.470348358154297e-08, 0.019545210525393486, -5.960464477539063e-08]","[3.372405902693796e-05, 6.563375542006145e-06, 2.8601417149428396e-05]"
Mixamo,mixamorig:LeftHandThumb4,mixamorig:LeftHandThumb3,LimbNode,"[0.0, 0.014754923060536385, 2.0489096641540527e-08]","[-3.8953416096452986e-05, 1.0458748336353985e-05, 6.168513942790167e-05]"
Mixamo,mixamorig:Neck,mixamorig:Spine2,LimbNode,"[0.0005285101942718029, 0.0823604092001915, 5.3778450819663703e-05]","[-0.13315069588799044, 1.3166494831661284, 1.3053111557004957]"
Mixamo,mixamorig:Head,mixamorig:Neck,LimbNode,"[-3.6670826375484467e-09, 0.03147776052355766, -1.1059455573558807e-09]","[9.898528004649183e-08, -6.470004430777858e-07, -3.439407660991231e-06]"
Mixamo,mixamorig:HeadTop_End,mixamorig:Head,LimbNode,"[-8.149072527885437e-10, 0.07504554092884064, 1.1641532182693481e-09]","[7.935280883640609e-07, -2.4345889131393104e-07, -5.120168271078258e-06]"
Mixamo,mixamorig:RightShoulder,mixamorig:Spine2,LimbNode,"[-0.0042040967382490635, 0.06293907761573792, 0.027043743059039116]","[113.21003032312451, -5.77993275256787, -5.839713983278406]"
Mixamo,mixamorig:RightArm,mixamorig:RightShoulder,LimbNode,"[1.6414430703548533e-08, 0.050756439566612244, 2.897828865755514e-09]","[44.68277311623784, 3.019804430424469, 0.5888351973801479]"
Mixamo,mixamorig:RightForeArm,mixamorig:RightArm,LimbNode,"[4.656612873077393e-10, 0.1313043236732483, -5.326000973582268e-09]","[-3.593915340779656, 17.08694081264833, -12.262716730165792]"
Mixamo,mixamorig:RightHand,mixamorig:RightForeArm,LimbNode,"[-2.421438694000244e-08, 0.12490952014923096, 3.632158041000366e-08]","[8.921538452357295, -3.747293641894639, 4.2018670637079065]"
Mixamo,mixamorig:RightHandIndex1,mixamorig:RightHand,LimbNode,"[0.014809653162956238, 0.06032572314143181, 0.01107883919030428]","[8.570682733751141, -9.126218731215067, 7.764973128688927]"
Mixamo,mixamorig:RightHandIndex2,mixamorig:RightHandIndex1,LimbNode,"[-1.955777406692505e-08, 0.02105395682156086, -3.213062882423401e-08]","[8.344056203316471, -4.970716272253677, 4.5062753615238575]"
Mixamo,mixamorig:RightHandIndex3,mixamorig:RightHandIndex2,LimbNode,"[1.0255135407533089e-08, 0.011548750102519989, -2.771566087744759e-08]","[-6.307251508928452e-05, 1.4412673870165694e-05, -3.712889207387556e-07]"
Mixamo,mixamorig:RightHandIndex4,mixamorig:RightHandIndex3,LimbNode,"[-3.371182444311671e-09, 0.011233551427721977, 1.3369256812723052e-08]","[7.555897420704205e-05, 5.982240671493602e-07, 9.701352776308599e-13]"
Mixamo,mixamorig:RightHandMiddle1,mixamorig:RightHand,LimbNode,"[0.005270298570394516, 0.05857985466718674, 0.00040845852345228195]","[14.315281637082066, -20.54214909865019, 15.278779711028976]"
Mixamo,mixamorig:RightHandMiddle2,mixamorig:RightHandMiddle1,LimbNode,"[-5.587935447692871e-09, 0.019304346293210983, -1.30385160446167e-08]","[5.438487753977524, 0.15309199345879804, -0.5884994508937594]"
Mixamo,mixamorig:RightHandMiddle3,mixamorig:RightHandMiddle2,LimbNode,"[4.656612873077393e-10, 0.01333157904446125, -4.889443516731262e-09]","[-1.4487474816719727e-05, -1.3286851555568431e-05, 1.099233650971127e-05]"
Mixamo,mixamorig:RightHandMiddle4,mixamorig:RightHandMiddle3,LimbNode,"[6.05359673500061e-09, 0.013316120021045208, 1.3737007975578308e-08]","[9.338150273654306e-07, 8.804540726969562e-07, 1.0672174394810541e-07]"
Mixamo,mixamorig:RightHandPinky1,mixamorig:RightHand,LimbNode,"[-0.018321571871638298, 0.04829217493534088, -0.00752811087295413]","[16.112979742666607, -32.460586728606906, 22.765543013124006]"
Mixamo,mixamorig:RightHandPinky2,mixamorig:RightHandPinky1,LimbNode,"[-2.7939677238464355e-08, 0.012574359774589539, 3.725290298461914e-09]","[5.6433669620948725, 5.255547113474257, -6.923288490381433]"
Mixamo,mixamorig:RightHandPinky3,mixamorig:RightHandPinky2,LimbNode,"[6.51925802230835e-09, 0.010262079536914825, -5.157198756933212e-08]","[-5.1599951259106694e-05, 1.1365869807944328e-05, 1.5474642452978147e-05]"
Mixamo,mixamorig:RightHandPinky4,mixamorig:RightHandPinky3,LimbNode,"[1.0244548320770264e-08, 0.0103393429890275, 4.575122147798538e-08]","[8.302949361174349e-05, -4.2687702701737803e-07, -1.36603799684695e-05]"
Mixamo,mixamorig:RightHandRing1,mixamorig:RightHand,LimbNode,"[-0.006344778463244438, 0.054413530975580215, -0.004984354600310326]","[11.652029516474952, -26.36765671534179, 19.46591619113128]"
Mixamo,mixamorig:RightHandRing2,mixamorig:RightHandRing1,LimbNode,"[-7.450580596923828e-09, 0.016165148466825485, 7.450580596923828e-09]","[13.593713132405238, 0.5878328137585956, -2.571959171830488]"
Mixamo,mixamorig:RightHandRing3,mixamorig:RightHandRing2,LimbNode,"[-5.587935447692871e-09, 0.013765760697424412, 1.0710209608078003e-08]","[-3.676562112793327e-05, 3.415083796564896e-06, -3.308372879224926e-05]"
Mixamo,mixamorig:RightHandRing4,mixamorig:RightHandRing3,LimbNode,"[-1.30385160446167e-08, 0.012570556253194809, -2.0256265997886658e-08]","[6.734140937564644e-05, 5.2293611406250175e-06, 7.04363746690764e-06]"
Mixamo,mixamorig:RightHandThumb1,mixamorig:RightHand,LimbNode,"[0.00924563780426979, 0.02429572306573391, 0.01615116372704506]","[45.546539329245164, 33.771296615237766, -1.5181237352605201]"
Mixamo,mixamorig:RightHandThumb2,mixamorig:RightHandThumb1,LimbNode,"[6.705522537231445e-08, 0.025118883699178696, 2.7939677238464355e-08]","[-17.381666890428964, -14.53841281820898, 21.049234295462984]"
Mixamo,mixamorig:RightHandThumb3,mixamorig:RightHandThumb2,LimbNode,"[-4.0978193283081055e-08, 0.017595207318663597, 0.0]","[-4.268866602813972e-06, 1.0672219431464831e-06, 0.00013382901904993735]"
Mixamo,mixamorig:RightHandThumb4,mixamorig:RightHandThumb3,LimbNode,"[-3.725290298461914e-09, 0.013262338936328888, -9.313225746154785e-09]","[2.3905673494152608e-05, -1.3660362055585532e-05, -8.537737113893537e-05]"
