Rig,TargetHeightCm,MeasuredHeightCm,HeightErrorCm,FKStable,IKStable,Feet,Hands,Notes
UE5,99.95117523636416,99.95117523615272,-2.1144330730749061e-10,True,True,Run sole proxy pass; walk needs contact correction,Finite; limb lengths preserved; contact unqualified,Unit asset/actor/component scales; five clips FK/full and isolated FBIK run; 0.1cm stature tolerance; no world-speed foot-sliding qualification
UE5,160,159.999990121682,-9.8783179964812e-06,True,True,Run sole proxy pass; walk needs contact correction,Finite; limb lengths preserved; contact unqualified,Unit asset/actor/component scales; five clips FK/full and isolated FBIK run; 0.1cm stature tolerance; no world-speed foot-sliding qualification
UE5,175,174.99999062610095,-9.373899047204759e-06,True,True,Run sole proxy pass; walk needs contact correction,Finite; limb lengths preserved; contact unqualified,Unit asset/actor/component scales; five clips FK/full and isolated FBIK run; 0.1cm stature tolerance; no world-speed foot-sliding qualification
UE5,180,179.9999907942406,-9.205759397445945e-06,True,True,Run sole proxy pass; walk needs contact correction,Finite; limb lengths preserved; contact unqualified,Unit asset/actor/component scales; five clips FK/full and isolated FBIK run; 0.1cm stature tolerance; no world-speed foot-sliding qualification
UE5,200,200.00000672558872,6.7255887188366614e-06,True,True,Run sole proxy pass; walk needs contact correction,Finite; limb lengths preserved; contact unqualified,Unit asset/actor/component scales; five clips FK/full and isolated FBIK run; 0.1cm stature tolerance; no world-speed foot-sliding qualification
Mixamo,99.95117250226775,99.95117260431289,1.0204513500866597e-07,True,True,Run sole proxy pass; walk needs contact correction,Finite; limb lengths preserved; contact unqualified,Unit asset/actor/component scales; five clips FK/full and isolated FBIK run; 0.1cm stature tolerance; no world-speed foot-sliding qualification
Mixamo,160,159.9999859086813,-1.409131868967961e-05,True,True,Run sole proxy pass; walk needs contact correction,Finite; limb lengths preserved; contact unqualified,Unit asset/actor/component scales; five clips FK/full and isolated FBIK run; 0.1cm stature tolerance; no world-speed foot-sliding qualification
Mixamo,175,175.00000127692056,1.2769205568474717e-06,True,True,Run sole proxy pass; walk needs contact correction,Finite; limb lengths preserved; contact unqualified,Unit asset/actor/component scales; five clips FK/full and isolated FBIK run; 0.1cm stature tolerance; no world-speed foot-sliding qualification
Mixamo,180,180.00000131340403,1.313404027314391e-06,True,True,Run sole proxy pass; walk needs contact correction,Finite; limb lengths preserved; contact unqualified,Unit asset/actor/component scales; five clips FK/full and isolated FBIK run; 0.1cm stature tolerance; no world-speed foot-sliding qualification
Mixamo,200,200.0000014593379,1.459337909182068e-06,True,True,Run sole proxy pass; walk needs contact correction,Finite; limb lengths preserved; contact unqualified,Unit asset/actor/component scales; five clips FK/full and isolated FBIK run; 0.1cm stature tolerance; no world-speed foot-sliding qualification
