target_bone,target_parent,source_bone,source_parent
root,None,root,None
pelvis,root,pelvis,root
spine_01,pelvis,spine_01,pelvis
spine_02,spine_01,spine_02,spine_01
spine_03,spine_02,spine_03,spine_02
spine_04,spine_03,spine_04,spine_03
spine_05,spine_04,spine_05,spine_04
clavicle_l,spine_05,clavicle_l,spine_05
upperarm_l,clavicle_l,upperarm_l,clavicle_l
lowerarm_l,upperarm_l,lowerarm_l,upperarm_l
hand_l,lowerarm_l,hand_l,lowerarm_l
index_metacarpal_l,hand_l,index_metacarpal_l,hand_l
index_01_l,index_metacarpal_l,index_01_l,index_metacarpal_l
index_02_l,index_01_l,index_02_l,index_01_l
index_03_l,index_02_l,index_03_l,index_02_l
middle_metacarpal_l,hand_l,middle_metacarpal_l,hand_l
middle_01_l,middle_metacarpal_l,middle_01_l,middle_metacarpal_l
middle_02_l,middle_01_l,middle_02_l,middle_01_l
middle_03_l,middle_02_l,middle_03_l,middle_02_l
pinky_metacarpal_l,hand_l,pinky_metacarpal_l,hand_l
pinky_01_l,pinky_metacarpal_l,pinky_01_l,pinky_metacarpal_l
pinky_02_l,pinky_01_l,pinky_02_l,pinky_01_l
pinky_03_l,pinky_02_l,pinky_03_l,pinky_02_l
ring_metacarpal_l,hand_l,ring_metacarpal_l,hand_l
ring_01_l,ring_metacarpal_l,ring_01_l,ring_metacarpal_l
ring_02_l,ring_01_l,ring_02_l,ring_01_l
ring_03_l,ring_02_l,ring_03_l,ring_02_l
thumb_01_l,hand_l,thumb_01_l,hand_l
thumb_02_l,thumb_01_l,thumb_02_l,thumb_01_l
thumb_03_l,thumb_02_l,thumb_03_l,thumb_02_l
lowerarm_twist_02_l,lowerarm_l,lowerarm_twist_02_l,lowerarm_l
lowerarm_twist_01_l,lowerarm_l,lowerarm_twist_01_l,lowerarm_l
upperarm_twist_01_l,upperarm_l,upperarm_twist_01_l,upperarm_l
upperarm_twist_02_l,upperarm_l,upperarm_twist_02_l,upperarm_l
C_Scarf_A_Root_Jnt,clavicle_l,,
C_Scarf_A_Joint1_Jnt,C_Scarf_A_Root_Jnt,,
C_Scarf_A_Joint2_Jnt,C_Scarf_A_Joint1_Jnt,,
C_Scarf_A_Joint3_Jnt,C_Scarf_A_Joint2_Jnt,,
C_Scarf_A_Joint4_Jnt,C_Scarf_A_Joint3_Jnt,,
C_Scarf_A_Joint5_Jnt,C_Scarf_A_Joint4_Jnt,,
C_Scarf_A_Joint6_Jnt,C_Scarf_A_Joint5_Jnt,,
C_Scarf_A_Joint7_Jnt,C_Scarf_A_Joint6_Jnt,,
C_Scarf_A_Joint8_Jnt,C_Scarf_A_Joint7_Jnt,,
C_Scarf_A_Joint9_Jnt,C_Scarf_A_Joint8_Jnt,,
C_Scarf_A_Joint10_Jnt,C_Scarf_A_Joint9_Jnt,,
C_Scarf_A_Joint11_Jnt,C_Scarf_A_Joint10_Jnt,,
C_Scarf_A_Joint12_Jnt,C_Scarf_A_Joint11_Jnt,,
C_Scarf_A_Joint13_Jnt,C_Scarf_A_Joint12_Jnt,,
C_Scarf_A_Joint14_Jnt,C_Scarf_A_Joint13_Jnt,,
clavicle_r,spine_05,clavicle_r,spine_05
upperarm_r,clavicle_r,upperarm_r,clavicle_r
lowerarm_r,upperarm_r,lowerarm_r,upperarm_r
hand_r,lowerarm_r,hand_r,lowerarm_r
index_metacarpal_r,hand_r,index_metacarpal_r,hand_r
index_01_r,index_metacarpal_r,index_01_r,index_metacarpal_r
index_02_r,index_01_r,index_02_r,index_01_r
index_03_r,index_02_r,index_03_r,index_02_r
middle_metacarpal_r,hand_r,middle_metacarpal_r,hand_r
middle_01_r,middle_metacarpal_r,middle_01_r,middle_metacarpal_r
middle_02_r,middle_01_r,middle_02_r,middle_01_r
middle_03_r,middle_02_r,middle_03_r,middle_02_r
pinky_metacarpal_r,hand_r,pinky_metacarpal_r,hand_r
pinky_01_r,pinky_metacarpal_r,pinky_01_r,pinky_metacarpal_r
pinky_02_r,pinky_01_r,pinky_02_r,pinky_01_r
pinky_03_r,pinky_02_r,pinky_03_r,pinky_02_r
ring_metacarpal_r,hand_r,ring_metacarpal_r,hand_r
ring_01_r,ring_metacarpal_r,ring_01_r,ring_metacarpal_r
ring_02_r,ring_01_r,ring_02_r,ring_01_r
ring_03_r,ring_02_r,ring_03_r,ring_02_r
thumb_01_r,hand_r,thumb_01_r,hand_r
thumb_02_r,thumb_01_r,thumb_02_r,thumb_01_r
thumb_03_r,thumb_02_r,thumb_03_r,thumb_02_r
lowerarm_twist_02_r,lowerarm_r,lowerarm_twist_02_r,lowerarm_r
lowerarm_twist_01_r,lowerarm_r,lowerarm_twist_01_r,lowerarm_r
upperarm_twist_01_r,upperarm_r,upperarm_twist_01_r,upperarm_r
upperarm_twist_02_r,upperarm_r,upperarm_twist_02_r,upperarm_r
R_ShoulderPad_B_Root_Jnt,clavicle_r,,
R_ShoulderPad_B_Jnt,R_ShoulderPad_B_Root_Jnt,,
R_ShoulderPad_B_Front_Jnt,R_ShoulderPad_B_Jnt,,
R_ShoulderPad_B_Back_Jnt,R_ShoulderPad_B_Jnt,,
neck_01,spine_05,neck_01,spine_05
neck_02,neck_01,neck_02,neck_01
head,neck_02,head,neck_02
FACIAL_C_FacialRoot,head,,
FACIAL_L_EyelidUpper,FACIAL_C_FacialRoot,,
FACIAL_R_EyelidUpper,FACIAL_C_FacialRoot,,
FACIAL_L_Eye,FACIAL_C_FacialRoot,,
FACIAL_L_EyePupil,FACIAL_L_Eye,,
FACIAL_R_Eye,FACIAL_C_FacialRoot,,
FACIAL_R_EyePupil,FACIAL_R_Eye,,
FACIAL_L_EyelidLower,FACIAL_C_FacialRoot,,
FACIAL_R_EyelidLower,FACIAL_C_FacialRoot,,
FACIAL_C_TeethUpper,FACIAL_C_FacialRoot,,
FACIAL_C_Jaw,FACIAL_C_FacialRoot,,
FACIAL_C_TeethLower,FACIAL_C_Jaw,,
FACIAL_Tongue1,FACIAL_C_TeethLower,,
FACIAL_Tongue2,FACIAL_Tongue1,,
FACIAL_Tongue3,FACIAL_Tongue2,,
FACIAL_Tongue4,FACIAL_Tongue3,,
thigh_r,pelvis,thigh_r,pelvis
calf_r,thigh_r,calf_r,thigh_r
calf_twist_02_r,calf_r,calf_twist_02_r,calf_r
calf_twist_01_r,calf_r,calf_twist_01_r,calf_r
foot_r,calf_r,foot_r,calf_r
ball_r,foot_r,ball_r,foot_r
thigh_twist_01_r,thigh_r,thigh_twist_01_r,thigh_r
R_Skirt_A_Root_Jnt,thigh_twist_01_r,,
R_Skirt_A_FrontRoot_Jnt,R_Skirt_A_Root_Jnt,,
R_Skirt_A_Front1_Jnt,R_Skirt_A_FrontRoot_Jnt,,
R_Skirt_A_BackRoot_Jnt,R_Skirt_A_Root_Jnt,,
R_Skirt_A_Back1_Jnt,R_Skirt_A_BackRoot_Jnt,,
thigh_twist_02_r,thigh_r,thigh_twist_02_r,thigh_r
thigh_l,pelvis,thigh_l,pelvis
calf_l,thigh_l,calf_l,thigh_l
calf_twist_02_l,calf_l,calf_twist_02_l,calf_l
calf_twist_01_l,calf_l,calf_twist_01_l,calf_l
foot_l,calf_l,foot_l,calf_l
ball_l,foot_l,ball_l,foot_l
thigh_twist_01_l,thigh_l,thigh_twist_01_l,thigh_l
L_Skirt_A_Root_Jnt,thigh_twist_01_l,,
L_Skirt_A_FrontRoot_Jnt,L_Skirt_A_Root_Jnt,,
L_Skirt_A_Front1_Jnt,L_Skirt_A_FrontRoot_Jnt,,
L_Skirt_A_BackRoot_Jnt,L_Skirt_A_Root_Jnt,,
L_Skirt_A_Back1_Jnt,L_Skirt_A_BackRoot_Jnt,,
thigh_twist_02_l,thigh_l,thigh_twist_02_l,thigh_l
C_Skirt_A_Root_Jnt,pelvis,,
C_Skirt_A_FrontRoot_Jnt,C_Skirt_A_Root_Jnt,,
C_Skirt_A_Front1_Jnt,C_Skirt_A_FrontRoot_Jnt,,
C_Skirt_A_BackRoot_Jnt,C_Skirt_A_Root_Jnt,,
C_Skirt_A_Back1_Jnt,C_Skirt_A_BackRoot_Jnt,,
R_LargePouch_A_Root_Jnt,pelvis,,
R_LargePouch_A_Joint1_Jnt,R_LargePouch_A_Root_Jnt,,
R_Canister_A_Joint1_Jnt,pelvis,,
R_Canister_A_Joint2_Jnt,R_Canister_A_Joint1_Jnt,,
